<?xml version="1.0" encoding="UTF-8" standalone="no"?>
<featureModel>
	<properties>
		<graphics key="autolayoutconstraints" value="false"/>
		<graphics key="legendautolayout" value="true"/>
		<graphics key="showshortnames" value="false"/>
		<graphics key="layout" value="horizontal"/>
		<graphics key="showcollapsedconstraints" value="true"/>
		<graphics key="legendhidden" value="false"/>
		<graphics key="layoutalgorithm" value="1"/>
	</properties>
	<struct>
		<and abstract="true" mandatory="true" name="OnlineShopping">
			<feature name="Search"/>
			<or mandatory="true" name="Payment">
				<feature name="E-Coin"/>
				<feature name="Bank Account"/>
			</or>
		</and>
	</struct>
</featureModel>
