<?xml version="1.0" encoding="UTF-8" standalone="no"?>
<configuration>
	<feature automatic="selected" name="SodaVendingMachine"/>
	<feature automatic="selected" name="ServeBeverage"/>
	<feature manual="selected" name="serveSoda"/>
	<feature manual="selected" name="serveTea"/>
	<feature automatic="selected" name="Purchase"/>
	<feature manual="selected" name="payEUR"/>
	<feature manual="selected" name="payUSD"/>
	<feature manual="selected" name="free"/>
	<feature manual="selected" name="cancel"/>
</configuration>
