<?xml version="1.0" encoding="UTF-8" standalone="no"?>
<configuration>
	<feature automatic="selected" name="BankAccount"/>
	<feature automatic="selected" name="deposit"/>
	<feature automatic="selected" name="withdraw"/>
	<feature name="cancellation"/>
	<feature name="cancelDeposit"/>
	<feature name="cancelWithdraw"/>
	<feature name="extraMoney"/>
	<feature name="overdraft"/>
	<feature name="credit"/>
	<feature name="interest"/>
	<feature name="interestEstimation"/>
	<feature name="dailyLimit"/>
</configuration>
