<?xml version="1.0" encoding="UTF-8" standalone="no"?>
<configuration>
	<feature automatic="selected" name="BankAccount"/>
	<feature automatic="selected" name="deposit"/>
	<feature automatic="selected" name="withdraw"/>
	<feature automatic="selected" name="cancellation"/>
	<feature manual="selected" name="cancelDeposit"/>
	<feature manual="selected" name="cancelWithdraw"/>
	<feature name="extraMoney"/>
	<feature name="overdraft"/>
	<feature name="credit"/>
	<feature automatic="selected" manual="selected" name="interest"/>
	<feature manual="selected" name="interestEstimation"/>
	<feature name="dailyLimit"/>
</configuration>
