<?xml version="1.0" encoding="UTF-8" standalone="no"?>
<configuration>
	<feature automatic="selected" name="BankAccount"/>
	<feature automatic="selected" name="deposit"/>
	<feature automatic="selected" name="withdraw"/>
	<feature automatic="selected" name="cancellation"/>
	<feature manual="selected" name="cancelDeposit"/>
	<feature automatic="selected" name="cancelWithdraw"/>
	<feature automatic="selected" name="extraMoney"/>
	<feature manual="selected" name="overdraft"/>
	<feature automatic="unselected" name="credit"/>
	<feature name="interest"/>
	<feature name="interestEstimation"/>
	<feature automatic="selected" manual="selected" name="dailyLimit"/>
</configuration>
