<?xml version="1.0" encoding="UTF-8" standalone="no"?>
<configuration>
	<feature automatic="selected" name="SmartHome"/>
	<feature name="Core"/>
	<feature name="Light Management"/>
	<feature name="Inhouse Light Manual"/>
	<feature name="Inhouse Light Automatic"/>
	<feature name="Blinds Management"/>
	<feature name="Blinds Manual"/>
	<feature name="Blinds Automatic"/>
	<feature name="Alarm"/>
	<feature name="Siren Manual"/>
	<feature name="Siren Automatic"/>
	<feature name="UI"/>
	<feature name="Output via Touchscreen"/>
	<feature name="Output via Internet"/>
	<feature name="Blinkers Management"/>
	<feature name="Blinkers Manual"/>
	<feature name="Blinkers Automatic"/>
	<feature name="Intrusion Detection"/>
	<feature name="Perimeter Intrusion Detection"/>
	<feature name="House Intrusion Detection"/>
	<feature name="Presence Detection"/>
	<feature name="Fire Detection"/>
	<feature name="AuthenticationDevice"/>
	<feature name="Authentication Fingerprint"/>
	<feature name="Authentication Retina"/>
</configuration>
