<?xml version="1.0" encoding="UTF-8" standalone="no"?>
<featureModel>
	<properties>
		<graphics key="showhiddenfeatures" value="true"/>
		<graphics key="legendautolayout" value="true"/>
		<graphics key="showshortnames" value="false"/>
		<graphics key="layout" value="horizontal"/>
		<graphics key="showcollapsedconstraints" value="true"/>
		<graphics key="legendhidden" value="false"/>
		<graphics key="layoutalgorithm" value="1"/>
	</properties>
	<struct>
		<and abstract="true" mandatory="true" name="Elevator">
			<graphics key="collapsed" value="false"/>
			<feature name="weight">
				<graphics key="collapsed" value="false"/>
			</feature>
			<feature name="overloaded"/>
			<feature name="executiveFloor"/>
		</and>
	</struct>
	<constraints>
		<rule>
			<imp>
				<conj>
					<var>overloaded</var>
					<var>executiveFloor</var>
				</conj>
				<var>weight</var>
			</imp>
		</rule>
	</constraints>
</featureModel>
