<?xml version="1.0" encoding="UTF-8" standalone="no"?>
<featureModel>
	<properties>
		<graphics key="showhiddenfeatures" value="true"/>
		<graphics key="legendautolayout" value="true"/>
		<graphics key="showshortnames" value="false"/>
		<graphics key="layout" value="horizontal"/>
		<graphics key="showcollapsedconstraints" value="true"/>
		<graphics key="legendhidden" value="false"/>
		<graphics key="layoutalgorithm" value="1"/>
	</properties>
	<struct>
		<and abstract="true" mandatory="true" name="Email">
			<feature name="addressbook"/>
			<feature name="autoresponder"/>
			<feature name="forward"/>
			<and abstract="true" name="confidentiality">
				<feature name="encrypt"/>
			</and>
			<and abstract="true" name="authentication">
				<feature name="sign"/>
			</and>
		</and>
	</struct>
	<constraints>
		<rule>
			<disj>
				<var>encrypt</var>
				<var>forward</var>
			</disj>
		</rule>
	</constraints>
</featureModel>
